label,text
spam,Limited time offer! Get 80% OFF on all products. Visit http://free-prize-win.com now
spam,"Make $250 per week working from home, no experience needed, click bit.ly/claim-now"
spam,"You've been pre-approved for a $500 credit card, apply now at http://free-prize-win.com"
spam,"Your package could not be delivered, pay a fee of $10000 at http://secure-bank-update.net to release it"
spam,"Your package could not be delivered, pay a fee of $5000 at http://free-prize-win.com to release it"
spam,Limited time offer! Get 80% OFF on all products. Visit http://secure-bank-update.net now
spam,Limited time offer! Get 60% OFF on all products. Visit http://secure-bank-update.net now
spam,Your loan of $500 has been approved. No credit check needed. Apply at http://free-prize-win.com
spam,"Get rich quick! Invest $10000 today and double it in 24 hours, visit http://free-prize-win.com"
spam,"FREE entry into our 2500 weekly draw, text WIN to 07000123456 now"
spam,IRS Notice: You owe back taxes. Pay immediately at http://free-prize-win.com to avoid arrest
spam,URGENT: Your account will be suspended. Click http://secure-bank-update.net to verify immediately
spam,Click here to claim your free vacation package before the offer ends today http://claim-reward.xyz
spam,"Dear customer, you have an unclaimed prize of $2500. Call 07000123456 now"
spam,"Get rich quick! Invest $1000 today and double it in 24 hours, visit http://claim-reward.xyz"
spam,"Dear customer, you have an unclaimed prize of $1000. Call 18005551234 now"
spam,"You've been pre-approved for a $250 credit card, apply now at bit.ly/claim-now"
spam,Click here to claim your free iPhone 16 before the offer ends today http://free-prize-win.com
spam,"FREE entry into our 750 weekly draw, text WIN to 07000123456 now"
spam,Text STOP to unsubscribe or WIN to enter our $1000 cash giveaway now
spam,Text STOP to unsubscribe or WIN to enter our $10000 cash giveaway now
spam,URGENT: Your account will be suspended. Click bit.ly/claim-now to verify immediately
spam,"Dear customer, you have an unclaimed prize of $2500. Call 18005551234 now"
spam,Your loan of $750 has been approved. No credit check needed. Apply at http://secure-bank-update.net
spam,"This is your final notice, your subscription payment of $1000 failed, update at http://free-prize-win.com"
spam,"Act now! Only a few vacation package left, claim yours instantly at http://claim-reward.xyz"
spam,Your loan of $500 has been approved. No credit check needed. Apply at http://secure-bank-update.net
spam,Hot singles in your area are waiting to chat with you. Click http://claim-reward.xyz
spam,IRS Notice: You owe back taxes. Pay immediately at http://claim-reward.xyz to avoid arrest
spam,"Make $500 per week working from home, no experience needed, click http://free-prize-win.com"
spam,Your loan of $10000 has been approved. No credit check needed. Apply at http://free-prize-win.com
spam,"This is your final notice, your subscription payment of $250 failed, update at http://free-prize-win.com"
spam,You are selected for a FREE cash prize! Reply YES to claim before it expires
spam,Text STOP to unsubscribe or WIN to enter our $250 cash giveaway now
spam,Click here to claim your free gift card before the offer ends today http://free-prize-win.com
spam,You have been chosen to receive a free laptop. Confirm your address at bit.ly/claim-now
spam,"Congratulations, your number has won $1000 in the mobile lottery. Contact 07000123456"
spam,Congratulations! You have WON a smartwatch worth $750. Claim now at http://secure-bank-update.net
spam,Limited time offer! Get 60% OFF on all products. Visit http://free-prize-win.com now
spam,"Your package could not be delivered, pay a fee of $5000 at bit.ly/claim-now to release it"
spam,"Dear customer, you have an unclaimed prize of $500. Call 18005551234 now"
spam,"Congratulations, your number has won $750 in the mobile lottery. Contact 09876543210"
spam,Limited time offer! Get 60% OFF on all products. Visit http://claim-reward.xyz now
spam,WINNER!! As a valued network customer you have been selected to receive a $750 prize
spam,"Your package could not be delivered, pay a fee of $2500 at http://secure-bank-update.net to release it"
spam,"Get rich quick! Invest $500 today and double it in 24 hours, visit http://free-prize-win.com"
spam,You have been chosen to receive a free PlayStation 5. Confirm your address at http://free-prize-win.com
spam,Click here to claim your free gift card before the offer ends today http://secure-bank-update.net
spam,"Make $500 per week working from home, no experience needed, click http://secure-bank-update.net"
spam,"Get rich quick! Invest $1000 today and double it in 24 hours, visit bit.ly/claim-now"
spam,"Make $2500 per week working from home, no experience needed, click http://secure-bank-update.net"
spam,Text STOP to unsubscribe or WIN to enter our $2500 cash giveaway now
spam,Click here to claim your free laptop before the offer ends today http://free-prize-win.com
spam,WINNER!! As a valued network customer you have been selected to receive a $250 prize
spam,You have been chosen to receive a free vacation package. Confirm your address at http://secure-bank-update.net
spam,Your loan of $10000 has been approved. No credit check needed. Apply at bit.ly/claim-now
spam,Text STOP to unsubscribe or WIN to enter our $500 cash giveaway now
spam,Congratulations! You have WON a iPhone 16 worth $1000. Claim now at bit.ly/claim-now
spam,Your loan of $2500 has been approved. No credit check needed. Apply at http://claim-reward.xyz
spam,Congratulations! You have WON a PlayStation 5 worth $750. Claim now at http://claim-reward.xyz
spam,IRS Notice: You owe back taxes. Pay immediately at bit.ly/claim-now to avoid arrest
spam,"You've been pre-approved for a $250 credit card, apply now at http://claim-reward.xyz"
spam,"Your package could not be delivered, pay a fee of $250 at http://free-prize-win.com to release it"
spam,"FREE entry into our 1000 weekly draw, text WIN to 07000123456 now"
spam,You are selected for a FREE smartwatch! Reply YES to claim before it expires
spam,"Dear customer, you have an unclaimed prize of $1000. Call 07000123456 now"
spam,"Your package could not be delivered, pay a fee of $250 at http://claim-reward.xyz to release it"
spam,"This is your final notice, your subscription payment of $500 failed, update at http://claim-reward.xyz"
spam,"Get rich quick! Invest $750 today and double it in 24 hours, visit http://free-prize-win.com"
spam,"Act now! Only a few iPhone 16 left, claim yours instantly at http://claim-reward.xyz"
spam,Click here to claim your free PlayStation 5 before the offer ends today http://claim-reward.xyz
spam,Congratulations! You have WON a smartwatch worth $250. Claim now at http://secure-bank-update.net
spam,URGENT: Your account will be suspended. Click http://free-prize-win.com to verify immediately
spam,You have been chosen to receive a free cash prize. Confirm your address at http://claim-reward.xyz
spam,Hot singles in your area are waiting to chat with you. Click bit.ly/claim-now
spam,"Make $2500 per week working from home, no experience needed, click bit.ly/claim-now"
spam,"Your package could not be delivered, pay a fee of $10000 at http://claim-reward.xyz to release it"
spam,IRS Notice: You owe back taxes. Pay immediately at http://secure-bank-update.net to avoid arrest
spam,"FREE entry into our 1000 weekly draw, text WIN to 18005551234 now"
spam,WINNER!! As a valued network customer you have been selected to receive a $1000 prize
spam,"FREE entry into our 500 weekly draw, text WIN to 09876543210 now"
spam,"Act now! Only a few cash prize left, claim yours instantly at http://claim-reward.xyz"
spam,Congratulations! You have WON a iPhone 16 worth $5000. Claim now at http://claim-reward.xyz
spam,"This is your final notice, your subscription payment of $10000 failed, update at http://secure-bank-update.net"
spam,"Congratulations, your number has won $10000 in the mobile lottery. Contact 18005551234"
spam,"FREE entry into our 250 weekly draw, text WIN to 09876543210 now"
spam,Congratulations! You have WON a cash prize worth $5000. Claim now at http://claim-reward.xyz
spam,"FREE entry into our 10000 weekly draw, text WIN to 18005551234 now"
spam,You have been chosen to receive a free PlayStation 5. Confirm your address at http://secure-bank-update.net
spam,Limited time offer! Get 70% OFF on all products. Visit http://secure-bank-update.net now
spam,WINNER!! As a valued network customer you have been selected to receive a $500 prize
spam,"Act now! Only a few gift card left, claim yours instantly at http://secure-bank-update.net"
spam,"Dear customer, you have an unclaimed prize of $750. Call 09876543210 now"
spam,"This is your final notice, your subscription payment of $10000 failed, update at http://claim-reward.xyz"
spam,Click here to claim your free cash prize before the offer ends today bit.ly/claim-now
spam,Congratulations! You have WON a PlayStation 5 worth $2500. Claim now at bit.ly/claim-now
spam,Click here to claim your free gift card before the offer ends today http://claim-reward.xyz
spam,"Make $10000 per week working from home, no experience needed, click http://free-prize-win.com"
spam,"Act now! Only a few iPhone 16 left, claim yours instantly at http://free-prize-win.com"
spam,Congratulations! You have WON a cash prize worth $10000. Claim now at http://free-prize-win.com
spam,Congratulations! You have WON a gift card worth $2500. Claim now at http://claim-reward.xyz
spam,"Congratulations, your number has won $250 in the mobile lottery. Contact 18005551234"
spam,"Get rich quick! Invest $2500 today and double it in 24 hours, visit http://claim-reward.xyz"
spam,Click here to claim your free PlayStation 5 before the offer ends today bit.ly/claim-now
spam,"Dear customer, you have an unclaimed prize of $750. Call 18005551234 now"
spam,Click here to claim your free smartwatch before the offer ends today bit.ly/claim-now
spam,You have been chosen to receive a free vacation package. Confirm your address at http://claim-reward.xyz
spam,Limited time offer! Get 80% OFF on all products. Visit bit.ly/claim-now now
spam,"Congratulations, your number has won $10000 in the mobile lottery. Contact 07000123456"
spam,"This is your final notice, your subscription payment of $1000 failed, update at http://secure-bank-update.net"
spam,You have been chosen to receive a free smartwatch. Confirm your address at http://claim-reward.xyz
spam,Congratulations! You have WON a PlayStation 5 worth $2500. Claim now at http://secure-bank-update.net
spam,Your loan of $5000 has been approved. No credit check needed. Apply at bit.ly/claim-now
spam,"Your package could not be delivered, pay a fee of $1000 at http://secure-bank-update.net to release it"
spam,"FREE entry into our 10000 weekly draw, text WIN to 09876543210 now"
spam,Hot singles in your area are waiting to chat with you. Click http://secure-bank-update.net
spam,"FREE entry into our 500 weekly draw, text WIN to 07000123456 now"
spam,"This is your final notice, your subscription payment of $750 failed, update at bit.ly/claim-now"
spam,Text STOP to unsubscribe or WIN to enter our $5000 cash giveaway now
spam,You have been chosen to receive a free smartwatch. Confirm your address at http://free-prize-win.com
spam,"Make $250 per week working from home, no experience needed, click http://claim-reward.xyz"
spam,"Your package could not be delivered, pay a fee of $500 at http://free-prize-win.com to release it"
spam,Limited time offer! Get 90% OFF on all products. Visit bit.ly/claim-now now
spam,You are selected for a FREE PlayStation 5! Reply YES to claim before it expires
spam,"Dear customer, you have an unclaimed prize of $250. Call 09876543210 now"
spam,WINNER!! As a valued network customer you have been selected to receive a $2500 prize
spam,Click here to claim your free iPhone 16 before the offer ends today bit.ly/claim-now
spam,Limited time offer! Get 90% OFF on all products. Visit http://claim-reward.xyz now
spam,You are selected for a FREE vacation package! Reply YES to claim before it expires
spam,"Make $750 per week working from home, no experience needed, click http://claim-reward.xyz"
spam,"Congratulations, your number has won $2500 in the mobile lottery. Contact 09876543210"
spam,"Your package could not be delivered, pay a fee of $2500 at http://free-prize-win.com to release it"
spam,"Make $2500 per week working from home, no experience needed, click http://claim-reward.xyz"
spam,"Dear customer, you have an unclaimed prize of $10000. Call 18005551234 now"
spam,Congratulations! You have WON a vacation package worth $5000. Claim now at http://secure-bank-update.net
spam,"This is your final notice, your subscription payment of $10000 failed, update at http://free-prize-win.com"
spam,"You've been pre-approved for a $10000 credit card, apply now at http://claim-reward.xyz"
spam,URGENT: Your account will be suspended. Click http://claim-reward.xyz to verify immediately
spam,"This is your final notice, your subscription payment of $250 failed, update at bit.ly/claim-now"
spam,Congratulations! You have WON a vacation package worth $5000. Claim now at http://free-prize-win.com
spam,Congratulations! You have WON a laptop worth $2500. Claim now at http://free-prize-win.com
spam,"Your package could not be delivered, pay a fee of $500 at bit.ly/claim-now to release it"
spam,You are selected for a FREE laptop! Reply YES to claim before it expires
spam,"Dear customer, you have an unclaimed prize of $500. Call 09876543210 now"
spam,"This is your final notice, your subscription payment of $2500 failed, update at http://secure-bank-update.net"
spam,You are selected for a FREE gift card! Reply YES to claim before it expires
spam,"Dear customer, you have an unclaimed prize of $10000. Call 07000123456 now"
spam,"Congratulations, your number has won $5000 in the mobile lottery. Contact 18005551234"
spam,Click here to claim your free iPhone 16 before the offer ends today http://claim-reward.xyz
spam,"Make $2500 per week working from home, no experience needed, click http://free-prize-win.com"
spam,"You've been pre-approved for a $2500 credit card, apply now at http://secure-bank-update.net"
spam,Your loan of $750 has been approved. No credit check needed. Apply at http://free-prize-win.com
spam,You have been chosen to receive a free PlayStation 5. Confirm your address at bit.ly/claim-now
spam,Your loan of $250 has been approved. No credit check needed. Apply at http://secure-bank-update.net
spam,Congratulations! You have WON a laptop worth $500. Claim now at http://secure-bank-update.net
spam,"Act now! Only a few smartwatch left, claim yours instantly at http://claim-reward.xyz"
spam,Congratulations! You have WON a gift card worth $1000. Claim now at http://claim-reward.xyz
spam,You have been chosen to receive a free iPhone 16. Confirm your address at http://claim-reward.xyz
spam,You are selected for a FREE iPhone 16! Reply YES to claim before it expires
spam,"Dear customer, you have an unclaimed prize of $10000. Call 09876543210 now"
spam,"Get rich quick! Invest $5000 today and double it in 24 hours, visit http://secure-bank-update.net"
spam,"You've been pre-approved for a $750 credit card, apply now at http://claim-reward.xyz"
spam,You have been chosen to receive a free gift card. Confirm your address at http://secure-bank-update.net
spam,"Get rich quick! Invest $10000 today and double it in 24 hours, visit http://secure-bank-update.net"
spam,"Congratulations, your number has won $250 in the mobile lottery. Contact 07000123456"
spam,You have been chosen to receive a free gift card. Confirm your address at http://claim-reward.xyz
spam,"Get rich quick! Invest $250 today and double it in 24 hours, visit bit.ly/claim-now"
spam,"This is your final notice, your subscription payment of $250 failed, update at http://claim-reward.xyz"
spam,Limited time offer! Get 70% OFF on all products. Visit http://claim-reward.xyz now
spam,"FREE entry into our 5000 weekly draw, text WIN to 07000123456 now"
spam,Your loan of $1000 has been approved. No credit check needed. Apply at http://claim-reward.xyz
spam,Click here to claim your free smartwatch before the offer ends today http://secure-bank-update.net
spam,WINNER!! As a valued network customer you have been selected to receive a $5000 prize
spam,"Act now! Only a few iPhone 16 left, claim yours instantly at http://secure-bank-update.net"
spam,"Your package could not be delivered, pay a fee of $10000 at bit.ly/claim-now to release it"
spam,"This is your final notice, your subscription payment of $750 failed, update at http://claim-reward.xyz"
spam,"You've been pre-approved for a $5000 credit card, apply now at http://free-prize-win.com"
spam,"You've been pre-approved for a $750 credit card, apply now at http://secure-bank-update.net"
spam,"Dear customer, you have an unclaimed prize of $5000. Call 07000123456 now"
spam,"Get rich quick! Invest $10000 today and double it in 24 hours, visit bit.ly/claim-now"
spam,"Congratulations, your number has won $1000 in the mobile lottery. Contact 18005551234"
spam,"FREE entry into our 1000 weekly draw, text WIN to 09876543210 now"
spam,"Your package could not be delivered, pay a fee of $750 at http://secure-bank-update.net to release it"
spam,You have been chosen to receive a free laptop. Confirm your address at http://secure-bank-update.net
spam,"Make $750 per week working from home, no experience needed, click bit.ly/claim-now"
spam,Click here to claim your free cash prize before the offer ends today http://free-prize-win.com
spam,Congratulations! You have WON a gift card worth $5000. Claim now at http://claim-reward.xyz
spam,"You've been pre-approved for a $5000 credit card, apply now at http://claim-reward.xyz"
spam,You have been chosen to receive a free PlayStation 5. Confirm your address at http://claim-reward.xyz
spam,"FREE entry into our 500 weekly draw, text WIN to 18005551234 now"
spam,You have been chosen to receive a free iPhone 16. Confirm your address at http://secure-bank-update.net
spam,"Act now! Only a few vacation package left, claim yours instantly at http://secure-bank-update.net"
spam,Limited time offer! Get 70% OFF on all products. Visit bit.ly/claim-now now
spam,"Act now! Only a few laptop left, claim yours instantly at http://secure-bank-update.net"
spam,WINNER!! As a valued network customer you have been selected to receive a $10000 prize
spam,"This is your final notice, your subscription payment of $750 failed, update at http://free-prize-win.com"
spam,"Your package could not be delivered, pay a fee of $5000 at http://claim-reward.xyz to release it"
spam,Click here to claim your free gift card before the offer ends today bit.ly/claim-now
spam,"You've been pre-approved for a $750 credit card, apply now at bit.ly/claim-now"
spam,Hot singles in your area are waiting to chat with you. Click http://free-prize-win.com
spam,"You've been pre-approved for a $250 credit card, apply now at http://free-prize-win.com"
spam,You have been chosen to receive a free smartwatch. Confirm your address at http://secure-bank-update.net
spam,"Congratulations, your number has won $10000 in the mobile lottery. Contact 09876543210"
spam,"Make $250 per week working from home, no experience needed, click http://free-prize-win.com"
spam,Click here to claim your free smartwatch before the offer ends today http://free-prize-win.com
spam,"Make $10000 per week working from home, no experience needed, click http://secure-bank-update.net"
spam,Limited time offer! Get 90% OFF on all products. Visit http://free-prize-win.com now
spam,"Get rich quick! Invest $250 today and double it in 24 hours, visit http://secure-bank-update.net"
spam,"Dear customer, you have an unclaimed prize of $5000. Call 18005551234 now"
spam,"FREE entry into our 750 weekly draw, text WIN to 18005551234 now"
spam,"Make $10000 per week working from home, no experience needed, click bit.ly/claim-now"
spam,You have been chosen to receive a free iPhone 16. Confirm your address at http://free-prize-win.com
spam,Limited time offer! Get 50% OFF on all products. Visit http://secure-bank-update.net now
spam,"Make $10000 per week working from home, no experience needed, click http://claim-reward.xyz"
spam,"Make $250 per week working from home, no experience needed, click http://secure-bank-update.net"
spam,"Get rich quick! Invest $1000 today and double it in 24 hours, visit http://secure-bank-update.net"
spam,"FREE entry into our 2500 weekly draw, text WIN to 18005551234 now"
spam,Congratulations! You have WON a laptop worth $5000. Claim now at http://claim-reward.xyz
spam,"Act now! Only a few vacation package left, claim yours instantly at http://free-prize-win.com"
spam,"FREE entry into our 250 weekly draw, text WIN to 18005551234 now"
spam,"This is your final notice, your subscription payment of $250 failed, update at http://secure-bank-update.net"
spam,"Your package could not be delivered, pay a fee of $500 at http://secure-bank-update.net to release it"
spam,"You've been pre-approved for a $5000 credit card, apply now at bit.ly/claim-now"
spam,Limited time offer! Get 70% OFF on all products. Visit http://free-prize-win.com now
spam,Congratulations! You have WON a smartwatch worth $1000. Claim now at http://secure-bank-update.net
spam,Limited time offer! Get 90% OFF on all products. Visit http://secure-bank-update.net now
spam,"This is your final notice, your subscription payment of $5000 failed, update at http://claim-reward.xyz"
spam,You have been chosen to receive a free cash prize. Confirm your address at http://free-prize-win.com
spam,"Get rich quick! Invest $1000 today and double it in 24 hours, visit http://free-prize-win.com"
spam,Your loan of $10000 has been approved. No credit check needed. Apply at http://claim-reward.xyz
spam,"You've been pre-approved for a $250 credit card, apply now at http://secure-bank-update.net"
spam,"FREE entry into our 2500 weekly draw, text WIN to 09876543210 now"
ham,Can we reschedule our study session call to 5:30 PM?
ham,"Mom, I'll reach home by 9 AM, don't wait for dinner"
ham,Let's discuss the Operating Systems presentation before 6 PM
ham,"I'll be a bit late for study session, see you around 8 PM"
ham,Thanks for helping me with the DBMS project yesterday
ham,Don't forget to submit the DBMS assignment before 8 PM
ham,Please review the code I pushed for the Operating Systems module
ham,Thanks for helping me with the Maths project yesterday
ham,"I'll be a bit late for the movie, see you around 6 PM"
ham,Thanks for helping me with the Machine Learning project yesterday
ham,Can we reschedule our the gym call to 10 AM?
ham,Don't forget to submit the DBMS assignment before 10 AM
ham,Please review the code I pushed for the Web Dev module
ham,Can you pick up groceries on your way back from coffee?
ham,The Operating Systems exam has been postponed to next week
ham,Please review the code I pushed for the DBMS module
ham,Let's discuss the Machine Learning presentation before 6 PM
ham,Can you send me the notes from today's Web Dev class?
ham,Are you coming to the lunch event this evening?
ham,"I saved you a seat for coffee, come join us"
ham,Don't forget to submit the Data Structures assignment before 5:30 PM
ham,"I'll be a bit late for the gym, see you around 8 PM"
ham,"Let's grab study session this weekend, are you free?"
ham,"I saved you a seat for the movie, come join us"
ham,"I'll be a bit late for coffee, see you around noon"
ham,See you at the cricket practice at 5:30 PM
ham,See you at the coffee practice at 8 PM
ham,"I'll be a bit late for badminton, see you around 10 AM"
ham,Can you send me the notes from today's Data Structures class?
ham,Are you coming to the cricket event this evening?
ham,See you at the the movie practice at 6 PM
ham,"I finished the Web Dev report, sending it to you now"
ham,"Hey, are we still meeting for coffee tomorrow at 5:30 PM?"
ham,Can we reschedule our lunch call to 6 PM?
ham,Please review the code I pushed for the Maths module
ham,Reminder: team meeting about Data Structures at 10 AM tomorrow
ham,"Mom, I'll reach home by 8 PM, don't wait for dinner"
ham,Don't forget to submit the Operating Systems assignment before 6 PM
ham,See you at the cricket practice at noon
ham,"I finished the Machine Learning report, sending it to you now"
ham,The Machine Learning exam has been postponed to next week
ham,"Just checking in, how did your DBMS interview go?"
ham,Can you pick up groceries on your way back from the gym?
ham,"I finished the Operating Systems report, sending it to you now"
ham,"Great job on the Machine Learning project, really impressed!"
ham,"Hey, are we still meeting for badminton tomorrow at noon?"
ham,Don't forget to submit the Machine Learning assignment before 8 PM
ham,"Just checking in, how did your Operating Systems interview go?"
ham,Can you pick up groceries on your way back from study session?
ham,Can you send me the notes from today's Maths class?
ham,Let's discuss the DBMS presentation before 5:30 PM
ham,"Mom, I'll reach home by 6 PM, don't wait for dinner"
ham,Let's discuss the Machine Learning presentation before 8 PM
ham,"Let's grab the gym this weekend, are you free?"
ham,"Hey, are we still meeting for the movie tomorrow at 9 AM?"
ham,Reminder: team meeting about Web Dev at 10 AM tomorrow
ham,"Hey, are we still meeting for the movie tomorrow at noon?"
ham,"Let's grab the movie this weekend, are you free?"
ham,Are you coming to the the gym event this evening?
ham,Can you pick up groceries on your way back from cricket?
ham,Reminder: team meeting about Machine Learning at 9 AM tomorrow
ham,Happy birthday! Hope you have a great the movie today
ham,Don't forget to submit the Maths assignment before 8 PM
ham,Happy birthday! Hope you have a great the gym today
ham,"Mom, I'll reach home by 5:30 PM, don't wait for dinner"
ham,See you at the lunch practice at noon
ham,"Hey, are we still meeting for the movie tomorrow at 10 AM?"
ham,Don't forget to submit the Operating Systems assignment before 8 PM
ham,"Let's grab cricket this weekend, are you free?"
ham,"I'll be a bit late for lunch, see you around 6 PM"
ham,Let's discuss the Operating Systems presentation before noon
ham,See you at the study session practice at 8 PM
ham,Let's discuss the Maths presentation before 6 PM
ham,"I saved you a seat for badminton, come join us"
ham,Can you pick up groceries on your way back from the movie?
ham,See you at the badminton practice at noon
ham,"Great job on the Web Dev project, really impressed!"
ham,Let's discuss the Web Dev presentation before 8 PM
ham,Can we reschedule our badminton call to 8 PM?
ham,"I'll be a bit late for study session, see you around noon"
ham,Are you coming to the the movie event this evening?
ham,The Data Structures exam has been postponed to next week
ham,The Maths exam has been postponed to next week
ham,"Great job on the Maths project, really impressed!"
ham,Reminder: team meeting about Machine Learning at 10 AM tomorrow
ham,Let's discuss the Web Dev presentation before noon
ham,"Mom, I'll reach home by noon, don't wait for dinner"
ham,"Great job on the Data Structures project, really impressed!"
ham,Reminder: team meeting about Web Dev at 5:30 PM tomorrow
ham,Happy birthday! Hope you have a great cricket today
ham,"I finished the Maths report, sending it to you now"
ham,"Great job on the DBMS project, really impressed!"
ham,Reminder: team meeting about DBMS at 5:30 PM tomorrow
ham,Happy birthday! Hope you have a great study session today
ham,Can we reschedule our the gym call to 8 PM?
ham,See you at the cricket practice at 8 PM
ham,Can we reschedule our the movie call to 8 PM?
ham,"Hey, are we still meeting for study session tomorrow at 9 AM?"
ham,Reminder: team meeting about Maths at 10 AM tomorrow
ham,"Hey, are we still meeting for the gym tomorrow at 10 AM?"
ham,Don't forget to submit the Machine Learning assignment before 5:30 PM
ham,Reminder: team meeting about Data Structures at noon tomorrow
ham,"Hey, are we still meeting for study session tomorrow at noon?"
ham,Don't forget to submit the Operating Systems assignment before 5:30 PM
ham,Thanks for helping me with the Web Dev project yesterday
ham,Thanks for helping me with the Data Structures project yesterday
ham,Happy birthday! Hope you have a great badminton today
ham,"I saved you a seat for the gym, come join us"
ham,Let's discuss the Data Structures presentation before 6 PM
ham,"Let's grab lunch this weekend, are you free?"
ham,"Just checking in, how did your Web Dev interview go?"
ham,Can you pick up groceries on your way back from lunch?
ham,"Hey, are we still meeting for lunch tomorrow at 10 AM?"
ham,Let's discuss the Machine Learning presentation before 10 AM
ham,"I'll be a bit late for the gym, see you around 6 PM"
ham,Are you coming to the study session event this evening?
ham,"I saved you a seat for study session, come join us"
ham,Please review the code I pushed for the Machine Learning module
ham,Are you coming to the coffee event this evening?
ham,Can we reschedule our lunch call to 9 AM?
ham,Let's discuss the Data Structures presentation before 9 AM
ham,"I'll be a bit late for lunch, see you around noon"
ham,Can we reschedule our the movie call to 5:30 PM?
ham,"Let's grab coffee this weekend, are you free?"
ham,"Hey, are we still meeting for cricket tomorrow at 6 PM?"
ham,Can we reschedule our badminton call to 6 PM?
ham,"I'll be a bit late for coffee, see you around 10 AM"
ham,Reminder: team meeting about DBMS at 8 PM tomorrow
ham,The Web Dev exam has been postponed to next week
ham,"Hey, are we still meeting for study session tomorrow at 10 AM?"
ham,"Just checking in, how did your Machine Learning interview go?"
ham,"Great job on the Operating Systems project, really impressed!"
ham,Can you pick up groceries on your way back from badminton?
ham,"I finished the DBMS report, sending it to you now"
ham,Can we reschedule our the movie call to 9 AM?
ham,Don't forget to submit the Maths assignment before 9 AM
ham,Let's discuss the Web Dev presentation before 6 PM
ham,The DBMS exam has been postponed to next week
ham,See you at the study session practice at 6 PM
ham,Don't forget to submit the Operating Systems assignment before 9 AM
ham,Don't forget to submit the Web Dev assignment before 8 PM
ham,Thanks for helping me with the Operating Systems project yesterday
ham,Don't forget to submit the Web Dev assignment before noon
ham,"I finished the Data Structures report, sending it to you now"
ham,"I'll be a bit late for coffee, see you around 8 PM"
ham,"I saved you a seat for cricket, come join us"
ham,Let's discuss the Machine Learning presentation before 9 AM
ham,"Hey, are we still meeting for coffee tomorrow at 10 AM?"
ham,Let's discuss the Maths presentation before 10 AM
ham,See you at the badminton practice at 6 PM
ham,Reminder: team meeting about Maths at 8 PM tomorrow
ham,"Hey, are we still meeting for the gym tomorrow at 8 PM?"
ham,"I'll be a bit late for the movie, see you around 5:30 PM"
ham,Can we reschedule our coffee call to 9 AM?
ham,Reminder: team meeting about Operating Systems at 6 PM tomorrow
ham,"I saved you a seat for lunch, come join us"
ham,"Hey, are we still meeting for the gym tomorrow at 5:30 PM?"
ham,Don't forget to submit the Web Dev assignment before 9 AM
ham,"Just checking in, how did your Data Structures interview go?"
ham,"Hey, are we still meeting for lunch tomorrow at 8 PM?"
ham,Can we reschedule our the gym call to 5:30 PM?
ham,"I'll be a bit late for lunch, see you around 8 PM"
ham,Let's discuss the Maths presentation before 9 AM
ham,"I'll be a bit late for cricket, see you around 9 AM"
ham,Don't forget to submit the Maths assignment before noon
ham,See you at the badminton practice at 10 AM
ham,Please review the code I pushed for the Data Structures module
ham,Don't forget to submit the Data Structures assignment before 6 PM
ham,Reminder: team meeting about Machine Learning at 6 PM tomorrow
ham,See you at the study session practice at 10 AM
ham,Don't forget to submit the DBMS assignment before 6 PM
ham,"Hey, are we still meeting for study session tomorrow at 6 PM?"
ham,Let's discuss the DBMS presentation before 9 AM
ham,Can you send me the notes from today's Machine Learning class?
ham,"I'll be a bit late for the gym, see you around noon"
ham,"Hey, are we still meeting for badminton tomorrow at 6 PM?"
ham,Can we reschedule our study session call to 8 PM?
ham,Happy birthday! Hope you have a great coffee today
ham,Can you send me the notes from today's Operating Systems class?
ham,"I'll be a bit late for coffee, see you around 9 AM"
ham,Don't forget to submit the Operating Systems assignment before noon
ham,Can you send me the notes from today's DBMS class?
ham,See you at the the movie practice at noon
ham,Can we reschedule our lunch call to 5:30 PM?
ham,See you at the the movie practice at 8 PM
ham,See you at the the gym practice at 5:30 PM
ham,Don't forget to submit the Data Structures assignment before 10 AM
ham,"I'll be a bit late for the movie, see you around noon"
ham,Let's discuss the Data Structures presentation before noon
ham,Reminder: team meeting about Maths at 9 AM tomorrow
ham,See you at the cricket practice at 6 PM
ham,Can we reschedule our coffee call to 6 PM?
ham,"I'll be a bit late for study session, see you around 6 PM"
ham,"I'll be a bit late for coffee, see you around 6 PM"
ham,"Let's grab badminton this weekend, are you free?"
